gene,group,protein_length,molecular_weight,isoelectric_point,aromaticity,instability_index,gravy,alpha_structure_fraction,turn_structure_fraction,beta_structure_fraction,A,C,D,E,F,G,H,I,K,L,M,N,P,Q,R,S,T,V,W,Y
APP,disease,770,86942.3145,4.7304479598999025,0.06493506493506493,40.691441558441696,-0.5838961038961039,0.35844155844155845,0.24545454545454545,0.3181818181818182,63,18,50,92,21,38,25,24,41,56,24,31,35,36,37,35,50,65,9,20
MAPT,disease,441,45849.354600000006,8.236625862121585,0.018140589569160998,47.58888888888889,-0.8678004535147392,0.29931972789115646,0.4013605442176871,0.24036281179138322,34,2,29,27,3,49,12,15,44,21,6,11,43,19,14,45,35,27,0,5
SNCA,disease,140,14459.9852,4.665708351135254,0.04285714285714286,25.46285714285714,-0.40285714285714286,0.42857142857142855,0.2571428571428572,0.29285714285714287,19,0,6,18,2,18,1,2,15,4,4,3,5,6,0,4,10,19,0,4
HTT,disease,3144,347855.5609,5.808001518249512,0.060114503816793896,56.26179071246824,-0.0685432569974555,0.3330152671755725,0.2741730279898219,0.3683206106870229,236,70,139,203,95,139,89,149,124,418,66,90,188,182,154,306,170,232,32,62
TARDBP,disease,414,44739.3391,5.848129844665528,0.08695652173913043,43.20072463768113,-0.5345410628019324,0.2584541062801932,0.3913043478260869,0.26811594202898553,26,6,22,22,22,55,5,14,20,21,18,28,16,24,20,41,15,25,6,8
GAPDH,control,335,36052.78829999999,8.566123771667481,0.07761194029850746,15.612238805970142,-0.10776119402985075,0.2955223880597015,0.31343283582089554,0.3582089552238806,31,3,20,13,14,33,10,22,26,19,10,19,12,7,10,21,21,32,3,9
ACTB,control,375,41736.287899999996,5.290482521057128,0.08533333333333333,35.29362666666666,-0.19973333333333335,0.31466666666666665,0.2773333333333333,0.36,29,6,23,26,13,28,9,28,19,27,17,9,19,12,18,25,26,22,4,15
HPRT1,control,218,24579.103199999998,6.210762596130371,0.09174311926605505,22.18348623853209,-0.13623853211009176,0.2889908256880734,0.2981651376146789,0.39908256880733944,10,4,21,9,9,16,5,15,16,21,7,8,9,3,12,11,11,20,0,11
RPLP0,control,317,34273.1013,5.715638160705566,0.0694006309148265,36.49463722397475,0.04037854889589904,0.3659305993690852,0.26813880126182965,0.362776025236593,38,3,15,21,15,21,4,20,19,29,9,14,17,10,13,18,19,25,1,6
TUBA1B,control,451,50151.066,4.942855262756347,0.09534368070953436,37.32660753880265,-0.2303769401330377,0.29711751662971175,0.270509977827051,0.36585365853658536,36,12,27,37,20,36,13,27,19,32,10,16,20,16,21,23,29,34,4,19
