group,protein_length,molecular_weight,isoelectric_point,aromaticity,instability_index,gravy,alpha_structure_fraction,turn_structure_fraction,beta_structure_fraction
control,339.2,37358.469339999996,6.145172462463378,0.08388654090445133,29.38211929478926,-0.12674629014208288,0.3124455992826477,0.28551601717155767,0.36918424156087964
disease,981.8,107969.31086,5.857782707214357,0.05460076458345862,42.641140588067415,-0.49152760401347473,0.33556041767198186,0.3138870645261997,0.2975676651092705
